mutant,category,condition,top_affinity,mean_top3,rmsd_to_native,ddG_vs_wt,n_clashes,complex_pdb,top_pose_pdb,error
R50A,ala_scan,apo,-7.067,-6.9046666666666665,5.520968573069072,-0.26900000000000013,0,/Users/ario/conserved_site_project/07b_mut_docking_v2/viewer_files/R50A_apo_complex.pdb,/Users/ario/conserved_site_project/07b_mut_docking_v2/viewer_files/R50A_apo_top_pose.pdb,
R50A,ala_scan,holo,-6.006,nan,2.2274387605986257,-2.7910000000000004,0,/Users/ario/conserved_site_project/07b_mut_docking_v2/viewer_files/R50A_holo_complex.pdb,/Users/ario/conserved_site_project/07b_mut_docking_v2/viewer_files/R50A_holo_top_pose.pdb,
W109A,ala_scan,apo,-7.853,-7.548666666666667,5.834246380962198,-1.0549999999999997,0,/Users/ario/conserved_site_project/07b_mut_docking_v2/viewer_files/W109A_apo_complex.pdb,/Users/ario/conserved_site_project/07b_mut_docking_v2/viewer_files/W109A_apo_top_pose.pdb,
W109A,ala_scan,holo,-6.189,-5.234000000000001,2.2300951045750934,-2.974,0,/Users/ario/conserved_site_project/07b_mut_docking_v2/viewer_files/W109A_holo_complex.pdb,/Users/ario/conserved_site_project/07b_mut_docking_v2/viewer_files/W109A_holo_top_pose.pdb,
R175A,ala_scan,apo,-7.101,-6.980666666666667,5.575599840283255,-0.30299999999999994,0,/Users/ario/conserved_site_project/07b_mut_docking_v2/viewer_files/R175A_apo_complex.pdb,/Users/ario/conserved_site_project/07b_mut_docking_v2/viewer_files/R175A_apo_top_pose.pdb,
R175A,ala_scan,holo,-6.364,nan,2.206408801118771,-3.149,0,/Users/ario/conserved_site_project/07b_mut_docking_v2/viewer_files/R175A_holo_complex.pdb,/Users/ario/conserved_site_project/07b_mut_docking_v2/viewer_files/R175A_holo_top_pose.pdb,
R176A,ala_scan,apo,-7.156,-7.058,5.7520620369328395,-0.35799999999999965,0,/Users/ario/conserved_site_project/07b_mut_docking_v2/viewer_files/R176A_apo_complex.pdb,/Users/ario/conserved_site_project/07b_mut_docking_v2/viewer_files/R176A_apo_top_pose.pdb,
R176A,ala_scan,holo,-6.315,-4.541666666666667,2.1464078484823146,-3.1000000000000005,0,/Users/ario/conserved_site_project/07b_mut_docking_v2/viewer_files/R176A_holo_complex.pdb,/Users/ario/conserved_site_project/07b_mut_docking_v2/viewer_files/R176A_holo_top_pose.pdb,
C195A,ala_scan,apo,-7.93,-7.6626666666666665,3.0876230929856057,-1.1319999999999997,0,/Users/ario/conserved_site_project/07b_mut_docking_v2/viewer_files/C195A_apo_complex.pdb,/Users/ario/conserved_site_project/07b_mut_docking_v2/viewer_files/C195A_apo_top_pose.pdb,
C195A,ala_scan,holo,-8.344,-7.270666666666666,2.084773395755795,-5.129,0,/Users/ario/conserved_site_project/07b_mut_docking_v2/viewer_files/C195A_holo_complex.pdb,/Users/ario/conserved_site_project/07b_mut_docking_v2/viewer_files/C195A_holo_top_pose.pdb,
H196A,ala_scan,apo,-7.179,-7.002333333333333,8.053975850663084,-0.3810000000000002,0,/Users/ario/conserved_site_project/07b_mut_docking_v2/viewer_files/H196A_apo_complex.pdb,/Users/ario/conserved_site_project/07b_mut_docking_v2/viewer_files/H196A_apo_top_pose.pdb,
H196A,ala_scan,holo,-4.384,-3.938,7.475964368542707,-1.1690000000000005,0,/Users/ario/conserved_site_project/07b_mut_docking_v2/viewer_files/H196A_holo_complex.pdb,/Users/ario/conserved_site_project/07b_mut_docking_v2/viewer_files/H196A_holo_top_pose.pdb,
Q214A,ala_scan,apo,-6.668,-6.572666666666667,5.751577764792907,0.1299999999999999,0,/Users/ario/conserved_site_project/07b_mut_docking_v2/viewer_files/Q214A_apo_complex.pdb,/Users/ario/conserved_site_project/07b_mut_docking_v2/viewer_files/Q214A_apo_top_pose.pdb,
Q214A,ala_scan,holo,-6.354,nan,2.184064519645494,-3.1390000000000002,0,/Users/ario/conserved_site_project/07b_mut_docking_v2/viewer_files/Q214A_holo_complex.pdb,/Users/ario/conserved_site_project/07b_mut_docking_v2/viewer_files/Q214A_holo_top_pose.pdb,
R215A,ala_scan,apo,-7.842,-7.450333333333333,2.2473923395142035,-1.0439999999999996,0,/Users/ario/conserved_site_project/07b_mut_docking_v2/viewer_files/R215A_apo_complex.pdb,/Users/ario/conserved_site_project/07b_mut_docking_v2/viewer_files/R215A_apo_top_pose.pdb,
R215A,ala_scan,holo,-7.147,nan,2.191332055082074,-3.9320000000000004,0,/Users/ario/conserved_site_project/07b_mut_docking_v2/viewer_files/R215A_holo_complex.pdb,/Users/ario/conserved_site_project/07b_mut_docking_v2/viewer_files/R215A_holo_top_pose.pdb,
R50E,opposite,apo,-7.002,-6.917000000000001,5.764361489940344,-0.20399999999999974,0,/Users/ario/conserved_site_project/07b_mut_docking_v2/viewer_files/R50E_apo_complex.pdb,/Users/ario/conserved_site_project/07b_mut_docking_v2/viewer_files/R50E_apo_top_pose.pdb,
R50E,opposite,holo,-5.388,-3.9203333333333332,2.1789019850049236,-2.173,0,/Users/ario/conserved_site_project/07b_mut_docking_v2/viewer_files/R50E_holo_complex.pdb,/Users/ario/conserved_site_project/07b_mut_docking_v2/viewer_files/R50E_holo_top_pose.pdb,
R175E,opposite,apo,-7.101,-6.980666666666667,5.575599840283255,-0.30299999999999994,0,/Users/ario/conserved_site_project/07b_mut_docking_v2/viewer_files/R175E_apo_complex.pdb,/Users/ario/conserved_site_project/07b_mut_docking_v2/viewer_files/R175E_apo_top_pose.pdb,
R175E,opposite,holo,-6.364,nan,2.206408801118771,-3.149,0,/Users/ario/conserved_site_project/07b_mut_docking_v2/viewer_files/R175E_holo_complex.pdb,/Users/ario/conserved_site_project/07b_mut_docking_v2/viewer_files/R175E_holo_top_pose.pdb,
R176E,opposite,apo,-7.154,-7.042000000000001,5.638506214622739,-0.35599999999999987,0,/Users/ario/conserved_site_project/07b_mut_docking_v2/viewer_files/R176E_apo_complex.pdb,/Users/ario/conserved_site_project/07b_mut_docking_v2/viewer_files/R176E_apo_top_pose.pdb,
R176E,opposite,holo,-6.41,nan,2.2339434727598984,-3.1950000000000003,0,/Users/ario/conserved_site_project/07b_mut_docking_v2/viewer_files/R176E_holo_complex.pdb,/Users/ario/conserved_site_project/07b_mut_docking_v2/viewer_files/R176E_holo_top_pose.pdb,
C195S,opposite,apo,-7.853,-7.634666666666667,3.0866768092651418,-1.0549999999999997,0,/Users/ario/conserved_site_project/07b_mut_docking_v2/viewer_files/C195S_apo_complex.pdb,/Users/ario/conserved_site_project/07b_mut_docking_v2/viewer_files/C195S_apo_top_pose.pdb,
C195S,opposite,holo,-8.0,nan,2.172040575473798,-4.785,0,/Users/ario/conserved_site_project/07b_mut_docking_v2/viewer_files/C195S_holo_complex.pdb,/Users/ario/conserved_site_project/07b_mut_docking_v2/viewer_files/C195S_holo_top_pose.pdb,
R215E,opposite,apo,-7.313,-7.303999999999999,5.875352674264834,-0.5149999999999997,0,/Users/ario/conserved_site_project/07b_mut_docking_v2/viewer_files/R215E_apo_complex.pdb,/Users/ario/conserved_site_project/07b_mut_docking_v2/viewer_files/R215E_apo_top_pose.pdb,
R215E,opposite,holo,-7.237,nan,2.1892843740487744,-4.022,0,/Users/ario/conserved_site_project/07b_mut_docking_v2/viewer_files/R215E_holo_complex.pdb,/Users/ario/conserved_site_project/07b_mut_docking_v2/viewer_files/R215E_holo_top_pose.pdb,
N226D,opposite,apo,-7.364,-7.13,5.59388445456734,-0.5659999999999998,0,/Users/ario/conserved_site_project/07b_mut_docking_v2/viewer_files/N226D_apo_complex.pdb,/Users/ario/conserved_site_project/07b_mut_docking_v2/viewer_files/N226D_apo_top_pose.pdb,
N226D,opposite,holo,-5.903,-4.381,2.1853586835977916,-2.6879999999999997,0,/Users/ario/conserved_site_project/07b_mut_docking_v2/viewer_files/N226D_holo_complex.pdb,/Users/ario/conserved_site_project/07b_mut_docking_v2/viewer_files/N226D_holo_top_pose.pdb,
C195A_H196A,double_dyad,apo,-7.793,-7.659,3.043797649330559,-0.9950000000000001,0,/Users/ario/conserved_site_project/07b_mut_docking_v2/viewer_files/C195A_H196A_apo_complex.pdb,/Users/ario/conserved_site_project/07b_mut_docking_v2/viewer_files/C195A_H196A_apo_top_pose.pdb,
C195A_H196A,double_dyad,holo,-7.587,-7.258666666666667,3.917394065714445,-4.372,0,/Users/ario/conserved_site_project/07b_mut_docking_v2/viewer_files/C195A_H196A_holo_complex.pdb,/Users/ario/conserved_site_project/07b_mut_docking_v2/viewer_files/C195A_H196A_holo_top_pose.pdb,
R175E_R176E,double_phosclamp,apo,-7.154,-7.042000000000001,5.638506214622739,-0.35599999999999987,0,/Users/ario/conserved_site_project/07b_mut_docking_v2/viewer_files/R175E_R176E_apo_complex.pdb,/Users/ario/conserved_site_project/07b_mut_docking_v2/viewer_files/R175E_R176E_apo_top_pose.pdb,
R175E_R176E,double_phosclamp,holo,-6.41,nan,2.2339434727598984,-3.1950000000000003,0,/Users/ario/conserved_site_project/07b_mut_docking_v2/viewer_files/R175E_R176E_holo_complex.pdb,/Users/ario/conserved_site_project/07b_mut_docking_v2/viewer_files/R175E_R176E_holo_top_pose.pdb,
C195S_H196N,double_polar_neutral,apo,-7.842,-7.666333333333334,3.0054191679571907,-1.0439999999999996,0,/Users/ario/conserved_site_project/07b_mut_docking_v2/viewer_files/C195S_H196N_apo_complex.pdb,/Users/ario/conserved_site_project/07b_mut_docking_v2/viewer_files/C195S_H196N_apo_top_pose.pdb,
C195S_H196N,double_polar_neutral,holo,-7.466,-6.713,2.201860539624046,-4.251,0,/Users/ario/conserved_site_project/07b_mut_docking_v2/viewer_files/C195S_H196N_holo_complex.pdb,/Users/ario/conserved_site_project/07b_mut_docking_v2/viewer_files/C195S_H196N_holo_top_pose.pdb,
R215A_N226A,double_substrate_orient,apo,-7.126,-6.896333333333334,5.638254093402245,-0.3280000000000003,0,/Users/ario/conserved_site_project/07b_mut_docking_v2/viewer_files/R215A_N226A_apo_complex.pdb,/Users/ario/conserved_site_project/07b_mut_docking_v2/viewer_files/R215A_N226A_apo_top_pose.pdb,
R215A_N226A,double_substrate_orient,holo,-6.862,nan,2.286773126516705,-3.6470000000000002,0,/Users/ario/conserved_site_project/07b_mut_docking_v2/viewer_files/R215A_N226A_holo_complex.pdb,/Users/ario/conserved_site_project/07b_mut_docking_v2/viewer_files/R215A_N226A_holo_top_pose.pdb,
Y258F_F225Y,double_aromatic_swap,apo,-7.081,-7.012333333333333,5.253120325724952,-0.28300000000000036,0,/Users/ario/conserved_site_project/07b_mut_docking_v2/viewer_files/Y258F_F225Y_apo_complex.pdb,/Users/ario/conserved_site_project/07b_mut_docking_v2/viewer_files/Y258F_F225Y_apo_top_pose.pdb,
Y258F_F225Y,double_aromatic_swap,holo,-6.085,-4.505333333333333,2.184104273837325,-2.87,0,/Users/ario/conserved_site_project/07b_mut_docking_v2/viewer_files/Y258F_F225Y_holo_complex.pdb,/Users/ario/conserved_site_project/07b_mut_docking_v2/viewer_files/Y258F_F225Y_holo_top_pose.pdb,
T170A,control_surface,apo,-7.101,-6.980666666666667,5.575599840283255,-0.30299999999999994,0,/Users/ario/conserved_site_project/07b_mut_docking_v2/viewer_files/T170A_apo_complex.pdb,/Users/ario/conserved_site_project/07b_mut_docking_v2/viewer_files/T170A_apo_top_pose.pdb,
T170A,control_surface,holo,-4.485,-3.6476666666666673,2.534184700671134,-1.2700000000000005,0,/Users/ario/conserved_site_project/07b_mut_docking_v2/viewer_files/T170A_holo_complex.pdb,/Users/ario/conserved_site_project/07b_mut_docking_v2/viewer_files/T170A_holo_top_pose.pdb,
