mutant,category,condition,top_affinity,mean_topk,n_modes,rmsd_to_native,delta_vina_vs_wt,mis_docked,n_clashes,complex_pdb,top_pose_pdb,error
R215A_N226A,double_substrate_orient,holo,-7.588,-6.487333333333333,4,2.3084502395744604,0.726,False,0,/Users/ario/conserved_site_project/07c_mut_docking_v3/viewer_files/R215A_N226A_holo_complex.pdb,/Users/ario/conserved_site_project/07c_mut_docking_v3/viewer_files/R215A_N226A_holo_top_pose.pdb,
R50A,ala_scan,holo,-7.61,-7.344666666666666,20,2.0921804444876977,0.7039999999999997,False,0,/Users/ario/conserved_site_project/07c_mut_docking_v3/viewer_files/R50A_holo_complex.pdb,/Users/ario/conserved_site_project/07c_mut_docking_v3/viewer_files/R50A_holo_top_pose.pdb,
H196A,ala_scan,holo,-7.811,-6.249333333333333,4,2.1763053728118313,0.5030000000000001,False,0,/Users/ario/conserved_site_project/07c_mut_docking_v3/viewer_files/H196A_holo_complex.pdb,/Users/ario/conserved_site_project/07c_mut_docking_v3/viewer_files/H196A_holo_top_pose.pdb,
R215E,opposite,holo,-7.862,-6.744666666666667,4,2.1046988789004506,0.4519999999999999,False,1,/Users/ario/conserved_site_project/07c_mut_docking_v3/viewer_files/R215E_holo_complex.pdb,/Users/ario/conserved_site_project/07c_mut_docking_v3/viewer_files/R215E_holo_top_pose.pdb,
N226D,opposite,holo,-7.873,-6.9575,2,2.132076958676749,0.4409999999999998,False,0,/Users/ario/conserved_site_project/07c_mut_docking_v3/viewer_files/N226D_holo_complex.pdb,/Users/ario/conserved_site_project/07c_mut_docking_v3/viewer_files/N226D_holo_top_pose.pdb,
R215A,ala_scan,holo,-7.889,-6.6816666666666675,4,2.184319522293845,0.4249999999999998,False,0,/Users/ario/conserved_site_project/07c_mut_docking_v3/viewer_files/R215A_holo_complex.pdb,/Users/ario/conserved_site_project/07c_mut_docking_v3/viewer_files/R215A_holo_top_pose.pdb,
W109A,ala_scan,holo,-8.083,-6.588666666666666,3,2.167802189291247,0.2309999999999998,False,0,/Users/ario/conserved_site_project/07c_mut_docking_v3/viewer_files/W109A_holo_complex.pdb,/Users/ario/conserved_site_project/07c_mut_docking_v3/viewer_files/W109A_holo_top_pose.pdb,
Y258F_F225Y,double_aromatic_swap,holo,-8.117,-6.9990000000000006,2,2.139591762363908,0.1969999999999991,False,0,/Users/ario/conserved_site_project/07c_mut_docking_v3/viewer_files/Y258F_F225Y_holo_complex.pdb,/Users/ario/conserved_site_project/07c_mut_docking_v3/viewer_files/Y258F_F225Y_holo_top_pose.pdb,
R175A,ala_scan,holo,-8.242,-7.109500000000001,2,2.1304788142882147,0.0719999999999991,False,0,/Users/ario/conserved_site_project/07c_mut_docking_v3/viewer_files/R175A_holo_complex.pdb,/Users/ario/conserved_site_project/07c_mut_docking_v3/viewer_files/R175A_holo_top_pose.pdb,
R176A,ala_scan,holo,-8.242,-7.134500000000001,2,2.1304788142882147,0.0719999999999991,False,0,/Users/ario/conserved_site_project/07c_mut_docking_v3/viewer_files/R176A_holo_complex.pdb,/Users/ario/conserved_site_project/07c_mut_docking_v3/viewer_files/R176A_holo_top_pose.pdb,
Q214A,ala_scan,holo,-8.257,-7.0504999999999995,2,2.1345096379300443,0.0570000000000003,False,0,/Users/ario/conserved_site_project/07c_mut_docking_v3/viewer_files/Q214A_holo_complex.pdb,/Users/ario/conserved_site_project/07c_mut_docking_v3/viewer_files/Q214A_holo_top_pose.pdb,
T170A,control_surface,holo,-8.285,-6.55,3,2.177880620264947,0.0289999999999999,False,0,/Users/ario/conserved_site_project/07c_mut_docking_v3/viewer_files/T170A_holo_complex.pdb,/Users/ario/conserved_site_project/07c_mut_docking_v3/viewer_files/T170A_holo_top_pose.pdb,
R175E,opposite,holo,-8.285,-7.1365,2,2.050338940545963,0.0289999999999999,False,0,/Users/ario/conserved_site_project/07c_mut_docking_v3/viewer_files/R175E_holo_complex.pdb,/Users/ario/conserved_site_project/07c_mut_docking_v3/viewer_files/R175E_holo_top_pose.pdb,
R176E,opposite,holo,-8.288,-7.140000000000001,2,2.154930091339748,0.0259999999999998,False,0,/Users/ario/conserved_site_project/07c_mut_docking_v3/viewer_files/R176E_holo_complex.pdb,/Users/ario/conserved_site_project/07c_mut_docking_v3/viewer_files/R176E_holo_top_pose.pdb,
R175E_R176E,double_phosclamp,holo,-8.296,-7.1615,2,2.1410654489950844,0.0180000000000006,False,0,/Users/ario/conserved_site_project/07c_mut_docking_v3/viewer_files/R175E_R176E_holo_complex.pdb,/Users/ario/conserved_site_project/07c_mut_docking_v3/viewer_files/R175E_R176E_holo_top_pose.pdb,
C195S_H196N,double_polar_neutral,holo,-9.842,-8.178666666666667,4,2.072599377934349,-1.5280000000000005,False,0,/Users/ario/conserved_site_project/07c_mut_docking_v3/viewer_files/C195S_H196N_holo_complex.pdb,/Users/ario/conserved_site_project/07c_mut_docking_v3/viewer_files/C195S_H196N_holo_top_pose.pdb,
C195A_H196A,double_dyad,holo,-10.157,-8.733333333333333,3,2.1256205493193563,-1.843,False,0,/Users/ario/conserved_site_project/07c_mut_docking_v3/viewer_files/C195A_H196A_holo_complex.pdb,/Users/ario/conserved_site_project/07c_mut_docking_v3/viewer_files/C195A_H196A_holo_top_pose.pdb,
C195S,opposite,holo,-10.292,-9.138,2,2.1697577396261267,-1.978,False,0,/Users/ario/conserved_site_project/07c_mut_docking_v3/viewer_files/C195S_holo_complex.pdb,/Users/ario/conserved_site_project/07c_mut_docking_v3/viewer_files/C195S_holo_top_pose.pdb,
C195A,ala_scan,holo,-10.605,-9.164,3,2.1516592295254093,-2.2910000000000004,False,0,/Users/ario/conserved_site_project/07c_mut_docking_v3/viewer_files/C195A_holo_complex.pdb,/Users/ario/conserved_site_project/07c_mut_docking_v3/viewer_files/C195A_holo_top_pose.pdb,
