mutant,category,condition,top_affinity,mean_topk,n_modes,rmsd_to_native,delta_vina_vs_wt,mis_docked,low_confidence,n_clashes,complex_pdb,top_pose_pdb,apo_source,error
R50A,ala_scan,holo,-7.421,-7.319333333333333,20,5.525404016902294,0.8280000000000003,True,False,0,/Users/ario/conserved_site_project/07e_mut_docking_v5/viewer_files/R50A_holo_complex.pdb,/Users/ario/conserved_site_project/07e_mut_docking_v5/viewer_files/R50A_holo_top_pose.pdb,,
R215A_N226A,double_substrate_orient,holo,-7.477,-6.627666666666667,9,0.6035608917085333,0.7720000000000002,False,False,0,/Users/ario/conserved_site_project/07e_mut_docking_v5/viewer_files/R215A_N226A_holo_complex.pdb,/Users/ario/conserved_site_project/07e_mut_docking_v5/viewer_files/R215A_N226A_holo_top_pose.pdb,,
H196A,ala_scan,holo,-7.758,-6.2313333333333345,5,0.3375956901383665,0.4910000000000005,False,False,0,/Users/ario/conserved_site_project/07e_mut_docking_v5/viewer_files/H196A_holo_complex.pdb,/Users/ario/conserved_site_project/07e_mut_docking_v5/viewer_files/H196A_holo_top_pose.pdb,,
R50E,opposite,holo,-7.767,-7.416999999999999,20,5.654982241351426,0.4820000000000002,True,False,0,/Users/ario/conserved_site_project/07e_mut_docking_v5/viewer_files/R50E_holo_complex.pdb,/Users/ario/conserved_site_project/07e_mut_docking_v5/viewer_files/R50E_holo_top_pose.pdb,,
R215E,opposite,holo,-7.779,-6.765333333333333,5,0.3911965618458323,0.4700000000000006,False,False,0,/Users/ario/conserved_site_project/07e_mut_docking_v5/viewer_files/R215E_holo_complex.pdb,/Users/ario/conserved_site_project/07e_mut_docking_v5/viewer_files/R215E_holo_top_pose.pdb,,
N226D,opposite,holo,-7.804,-6.260000000000001,4,0.3424948174790387,0.4450000000000003,False,True,0,/Users/ario/conserved_site_project/07e_mut_docking_v5/viewer_files/N226D_holo_complex.pdb,/Users/ario/conserved_site_project/07e_mut_docking_v5/viewer_files/N226D_holo_top_pose.pdb,,
R215A,ala_scan,holo,-7.806,-6.690333333333334,5,0.4048995554455452,0.4430000000000005,False,False,0,/Users/ario/conserved_site_project/07e_mut_docking_v5/viewer_files/R215A_holo_complex.pdb,/Users/ario/conserved_site_project/07e_mut_docking_v5/viewer_files/R215A_holo_top_pose.pdb,,
W109A,ala_scan,holo,-7.978,-6.9115,2,0.3389058866411146,0.2710000000000008,False,True,0,/Users/ario/conserved_site_project/07e_mut_docking_v5/viewer_files/W109A_holo_complex.pdb,/Users/ario/conserved_site_project/07e_mut_docking_v5/viewer_files/W109A_holo_top_pose.pdb,,
Y258F_F225Y,double_aromatic_swap,holo,-8.048,-6.9375,2,0.3480844006846616,0.2010000000000005,False,True,0,/Users/ario/conserved_site_project/07e_mut_docking_v5/viewer_files/Y258F_F225Y_holo_complex.pdb,/Users/ario/conserved_site_project/07e_mut_docking_v5/viewer_files/Y258F_F225Y_holo_top_pose.pdb,,
Q214A,ala_scan,holo,-8.169,-6.991,2,0.3380231500947828,0.08,False,True,0,/Users/ario/conserved_site_project/07e_mut_docking_v5/viewer_files/Q214A_holo_complex.pdb,/Users/ario/conserved_site_project/07e_mut_docking_v5/viewer_files/Q214A_holo_top_pose.pdb,,
R176A,ala_scan,holo,-8.186,-7.084,2,0.3379376421767781,0.0630000000000006,False,True,0,/Users/ario/conserved_site_project/07e_mut_docking_v5/viewer_files/R176A_holo_complex.pdb,/Users/ario/conserved_site_project/07e_mut_docking_v5/viewer_files/R176A_holo_top_pose.pdb,,
R175A,ala_scan,holo,-8.186,-7.051,2,0.3402897294953227,0.0630000000000006,False,True,0,/Users/ario/conserved_site_project/07e_mut_docking_v5/viewer_files/R175A_holo_complex.pdb,/Users/ario/conserved_site_project/07e_mut_docking_v5/viewer_files/R175A_holo_top_pose.pdb,,
R175E,opposite,holo,-8.192,-7.145,2,0.3390229343274583,0.0570000000000003,False,True,0,/Users/ario/conserved_site_project/07e_mut_docking_v5/viewer_files/R175E_holo_complex.pdb,/Users/ario/conserved_site_project/07e_mut_docking_v5/viewer_files/R175E_holo_top_pose.pdb,,
R176E,opposite,holo,-8.203,-7.0615,2,0.3496373120821061,0.0460000000000011,False,True,0,/Users/ario/conserved_site_project/07e_mut_docking_v5/viewer_files/R176E_holo_complex.pdb,/Users/ario/conserved_site_project/07e_mut_docking_v5/viewer_files/R176E_holo_top_pose.pdb,,
R175E_R176E,double_phosclamp,holo,-8.203,-7.0615,2,0.3496373120821061,0.0460000000000011,False,True,0,/Users/ario/conserved_site_project/07e_mut_docking_v5/viewer_files/R175E_R176E_holo_complex.pdb,/Users/ario/conserved_site_project/07e_mut_docking_v5/viewer_files/R175E_R176E_holo_top_pose.pdb,,
T170A,control_surface,holo,-8.203,-7.0615,2,0.3496373120821061,0.0460000000000011,False,True,0,/Users/ario/conserved_site_project/07e_mut_docking_v5/viewer_files/T170A_holo_complex.pdb,/Users/ario/conserved_site_project/07e_mut_docking_v5/viewer_files/T170A_holo_top_pose.pdb,,
C195S_H196N,double_polar_neutral,holo,-9.778,-8.271333333333333,4,0.301074326371413,-1.529,False,True,0,/Users/ario/conserved_site_project/07e_mut_docking_v5/viewer_files/C195S_H196N_holo_complex.pdb,/Users/ario/conserved_site_project/07e_mut_docking_v5/viewer_files/C195S_H196N_holo_top_pose.pdb,,
C195A_H196A,double_dyad,holo,-10.03,-8.702,4,0.3581443842921455,-1.7809999999999988,False,True,0,/Users/ario/conserved_site_project/07e_mut_docking_v5/viewer_files/C195A_H196A_holo_complex.pdb,/Users/ario/conserved_site_project/07e_mut_docking_v5/viewer_files/C195A_H196A_holo_top_pose.pdb,,
C195S,opposite,holo,-10.215,-8.481,3,0.3032350573400115,-1.9659999999999993,False,True,0,/Users/ario/conserved_site_project/07e_mut_docking_v5/viewer_files/C195S_holo_complex.pdb,/Users/ario/conserved_site_project/07e_mut_docking_v5/viewer_files/C195S_holo_top_pose.pdb,,
C195A,ala_scan,holo,-10.495,-9.556,2,0.3433388996312537,-2.2459999999999987,False,True,0,/Users/ario/conserved_site_project/07e_mut_docking_v5/viewer_files/C195A_holo_complex.pdb,/Users/ario/conserved_site_project/07e_mut_docking_v5/viewer_files/C195A_holo_top_pose.pdb,,
